{"loss": [7.350224494934082, 3.3716654777526855, 3.163850784301758, 2.9527266025543213, 2.7450757026672363, 2.4975554943084717, 2.2877421379089355, 2.0736336708068848, 1.8644644021987915, 1.5483372211456299, 1.3694393634796143, 1.1652735471725464, 1.01277494430542, 0.836020827293396, 0.7355841994285583, 0.6039753556251526, 0.5491280555725098, 0.5866414904594421, 0.5479817986488342, 0.4247729182243347, 0.3529638648033142, 0.3568161725997925, 0.33354076743125916, 0.2885744869709015, 0.2809634208679199, 0.26501229405403137, 0.2418699562549591, 0.23535403609275818, 0.2537737488746643, 0.21674197912216187, 0.25694847106933594, 0.25194260478019714], "accuracy": [0.0516853928565979, 0.07800962775945663, 0.12327447533607483, 0.16243980824947357, 0.21444623172283173, 0.2693418860435486, 0.3303370773792267, 0.40385231375694275, 0.4430176615715027, 0.5345104336738586, 0.5945425629615784, 0.652969479560852, 0.6972712874412537, 0.7393258213996887, 0.7845906615257263, 0.8208667635917664, 0.8356340527534485, 0.8327447772026062, 0.8484750986099243, 0.8757624626159668, 0.9017656445503235, 0.8956661224365234, 0.907223105430603, 0.9181380271911621, 0.9197431802749634, 0.9287319183349609, 0.934831440448761, 0.934831440448761, 0.9287319183349609, 0.937399685382843, 0.9242375493049622, 0.9290529489517212], "val_loss": [3.290111780166626, 2.9903297424316406, 2.9002277851104736, 2.3414249420166016, 2.1329853534698486, 1.728400468826294, 1.3761192560195923, 1.1101884841918945, 0.8841666579246521, 0.7276245355606079, 0.5948621034622192, 0.5907575488090515, 0.5017716288566589, 0.4472978413105011, 0.3867970108985901, 0.3875780701637268, 0.4078170955181122, 0.41236311197280884, 0.42625200748443604, 0.42447686195373535, 0.43961983919143677, 0.3582053482532501, 0.4549751877784729, 0.36479291319847107, 0.42438840866088867, 0.44404566287994385, 0.3568699061870575, 0.3494885563850403, 0.47471579909324646, 0.3311826288700104, 0.34500664472579956, 0.39729538559913635], "val_accuracy": [0.11680911481380463, 0.21367521584033966, 0.25641027092933655, 0.3333333432674408, 0.5014244914054871, 0.6011396050453186, 0.6723646521568298, 0.7863247990608215, 0.8547008633613586, 0.874643862247467, 0.8917378783226013, 0.8917378783226013, 0.9259259104728699, 0.9316239356994629, 0.9487179517745972, 0.94017094373703, 0.945868968963623, 0.9373219609260559, 0.9316239356994629, 0.9430199265480042, 0.9316239356994629, 0.9487179517745972, 0.9572649598121643, 0.9544159770011902, 0.9572649598121643, 0.9544159770011902, 0.9601139426231384, 0.9515669345855713, 0.9515669345855713, 0.9515669345855713, 0.9515669345855713, 0.9572649598121643]}